mc_run,hosting_capacity
0,0.351796875
1,0.43203125000000003
2,0.3209375
3,0.290078125
4,0.253046875
5,0.339453125
6,0.351796875
7,0.3209375
8,0.33328125000000003
9,0.37031250000000004
