mc_run,hosting_capacity
0,0.22000000000000006
1,0.17600000000000002
2,0.18700000000000003
3,0.3080000000000001
4,0.18700000000000003
5,0.3080000000000001
6,0.17600000000000002
7,0.154
8,0.13199999999999998
9,0.25300000000000006
