mc_run,hosting_capacity
0,0.5720703125000001
1,0.43046875
2,0.509765625
3,0.5720703125000001
4,0.464453125
5,0.464453125
6,0.5720703125000001
7,0.43046875
8,0.5494140625
9,0.5494140625
