mc_run,hosting_capacity
0,0.42000000000000015
1,0.3600000000000001
2,0.6000000000000003
3,0.42000000000000015
4,0.3600000000000001
5,0.3900000000000001
6,0.5400000000000003
7,0.4500000000000002
8,0.42000000000000015
9,0.6000000000000003
